Name,Class,X,Y,W,H
56.jpg,0,0.1356771,0.4560185,0.0942708,0.0805556
1.jpg,0,0.8041667,0.549537,0.1,0.0898148
1.jpg,0,0.1828125,0.3810185,0.0875,0.0824074
1.jpg,0,0.0963542,0.4134259,0.09375,0.0842593
